Sr No.,FIELD NAME,Data Type,M/O,Max Length,Input Field Postion,Description,Mapping to the inward 
1,Customer Code,Alphanumeric String,M,15,4,The code allotted to the Buyer,Payor ID
2,Customer Name,Alphanumeric String,M,50,7,Name of the Buyer,Payer Name
3,Document Number,Alphanumeric String,M,20,18,The document number for the respective ledger record,Inv Ref4 (Also coumn Inv no - If its a credit note then credit note number will be there else the invoice number)
4,Document Type,Alphanumeric String,M,3,15,"Applicable Document Type: INV = Invoice, DN = Debit Note, CN = Credit Note",Inv Ref1
5,Document Date,Date,M,10,13,Creation Date of the respective Document (Format: dd.mm.yyyy),Inv IsuDat
6,Document Due Date,Date,M,10,14,Due Date of the respective Document (Format: dd.mm.yyyy),Inv DueDat
7,Total Amount,Numeric Double,M,15,9,Total Amount of the respective Document,Inv BilAmt
8,Outstanding Amount,Numeric Double,M,15,11,Balance amount outstanding to be paid on the document,Inv OutAmt
9,Gross Amount,Numeric Double,M,19,19,Gross Amount of the respective Document,Access Amount
10,Tax Amount,Numeric Double,O,15,not found,Taxable Amount of the respective Document,Optional field
11,Currency Code,Alphanumeric String,O,5,8,Currency of the respective Document,Count code
12,Fin Year,Numeric String,O,4,not found,Financial Year of the respective Document (Format: YYYY),Optional field
13,DOC_REF,Alphanumeric String,O,20,not found,Reference to an existing document,Optional field
14,Division_Code,Alphanumeric String,O,20,17,Line of business,Inv Ref3
15,Region_Code,Alphanumeric String,O,20,not found,Region identifier,Optional field
16,CN Description Text,Alphanumeric String,O,50,not found,Credit note information for display,Optional field
17,ReferenceNumber1,Character String,O,50,not found,Field will be used in case of additional requirements,Optional field
18,ReferenceNumber2,Character String,O,50,not found,Field will be used in case of additional requirements,Optional field
19,ReferenceNumber3,Character String,O,50,not found,Field will be used in case of additional requirements,Optional field
20,ReferenceNumber4,Character String,O,50,not found,Field will be used in case of additional requirements,Optional field
21,ReferenceNumber5,Character String,O,50,not found,Field will be used in case of additional requirements,Optional field
